CityNr,traffic,x,y
9,25,193,7
18,32,167,8
14,29,130,65
17,31,136,69
15,33,126,117
20,30,129,108
4,20,197,138
12,1,134,163
25,7,128,167
1,16,108,172
10,15,95,183
22,4,68,167
13,17,7,142
6,13,14,168
5,15,81,138
16,21,46,91
23,24,11,86
3,4,1,31
19,6,44,2
2,7,45,5
7,24,22,14
21,39,71,39
11,7,51,49
24,1,124,24
8,3,191,21
