CityNr,traffic,x,y
9,25,193,7
8,3,191,21
7,24,22,14
14,29,130,65
2,7,45,5
18,32,167,8
6,13,14,168
19,6,44,2
16,21,46,91
4,20,197,138
1,16,108,172
25,7,128,167
13,17,7,142
22,4,68,167
17,31,136,69
24,1,124,24
15,33,126,117
5,15,81,138
20,30,129,108
10,15,95,183
11,7,51,49
23,24,11,86
12,1,134,163
21,39,71,39
3,4,1,31
